observableId	preequilibrationConditionId	simulationConditionId	measurement	time	observableParameters	noiseParameters
observable_CIS_abs		model1_data2	29.061794973113646	120.0		sd_CIS_abs
observable_CIS_abs		model1_data2	26.097567191289983	120.0		sd_CIS_abs
observable_CIS_abs		model1_data2	19.65239347179184	120.0		sd_CIS_abs
observable_CIS_au		model1_data1	0.017007483828788285	0.0	offset_CIS_long;scale_CIS_long	sd_CIS_au
observable_CIS_au		model1_data1	0.038819328188923134	5.0	offset_CIS_long;scale_CIS_long	sd_CIS_au
observable_CIS_au		model1_data1	0.021343795504749925	10.0	offset_CIS_long;scale_CIS_long	sd_CIS_au
observable_CIS_au		model1_data1	0.03708581390971887	20.0	offset_CIS_long;scale_CIS_long	sd_CIS_au
observable_CIS_au		model1_data1	0.12873027508395155	40.0	offset_CIS_long;scale_CIS_long	sd_CIS_au
observable_CIS_au		model1_data1	0.28249348693920795	60.0	offset_CIS_long;scale_CIS_long	sd_CIS_au
observable_CIS_au		model1_data1	0.8208313934483058	80.0	offset_CIS_long;scale_CIS_long	sd_CIS_au
observable_CIS_au		model1_data1	0.9222593139245774	100.0	offset_CIS_long;scale_CIS_long	sd_CIS_au
observable_CIS_au		model1_data1	0.7730953630969482	140.0	offset_CIS_long;scale_CIS_long	sd_CIS_au
observable_CIS_au		model1_data1	0.7515576864023135	160.0	offset_CIS_long;scale_CIS_long	sd_CIS_au
observable_CIS_au		model1_data1	0.9511272795712759	180.0	offset_CIS_long;scale_CIS_long	sd_CIS_au
observable_CIS_au		model1_data1	0.911414943883666	220.0	offset_CIS_long;scale_CIS_long	sd_CIS_au
observable_CIS_au		model1_data1	1.0	240.0	offset_CIS_long;scale_CIS_long	sd_CIS_au
observable_CIS_au		model1_data11	0.17917424242424246	0.0	offset_CIS_socs3oe;scale_CIS_socs3oe	sd_CIS_au
observable_CIS_au		model1_data11	0.13615151515151516	10.0	offset_CIS_socs3oe;scale_CIS_socs3oe	sd_CIS_au
observable_CIS_au		model1_data11	1.0	60.0	offset_CIS_socs3oe;scale_CIS_socs3oe	sd_CIS_au
observable_CIS_au		model1_data11	0.9696969696969686	120.0	offset_CIS_socs3oe;scale_CIS_socs3oe	sd_CIS_au
observable_CIS_au		model1_data12	0.0694242424242424	0.0	offset_CIS_socs3oe;scale_CIS_socs3oe	sd_CIS_au
observable_CIS_au		model1_data12	0.07825000000000071	10.0	offset_CIS_socs3oe;scale_CIS_socs3oe	sd_CIS_au
observable_CIS_au		model1_data12	0.07896212121212068	60.0	offset_CIS_socs3oe;scale_CIS_socs3oe	sd_CIS_au
observable_CIS_au		model1_data12	0.056575757575757474	120.0	offset_CIS_socs3oe;scale_CIS_socs3oe	sd_CIS_au
observable_CIS_au		model1_data13	0.07179352226720577	0.0	offset_CIS_shp1oe;scale_CIS_shp1oe	sd_CIS_au
observable_CIS_au		model1_data13	0.06228744939271234	5.0	offset_CIS_shp1oe;scale_CIS_shp1oe	sd_CIS_au
observable_CIS_au		model1_data13	0.07286234817813737	10.0	offset_CIS_shp1oe;scale_CIS_shp1oe	sd_CIS_au
observable_CIS_au		model1_data13	0.1342307692307693	30.0	offset_CIS_shp1oe;scale_CIS_shp1oe	sd_CIS_au
observable_CIS_au		model1_data13	1.0	60.0	offset_CIS_shp1oe;scale_CIS_shp1oe	sd_CIS_au
observable_CIS_au		model1_data14	0.05112550607287402	0.0	offset_CIS_shp1oe;scale_CIS_shp1oe	sd_CIS_au
observable_CIS_au		model1_data14	0.043076923076922735	5.0	offset_CIS_shp1oe;scale_CIS_shp1oe	sd_CIS_au
observable_CIS_au		model1_data14	0.04610931174089071	10.0	offset_CIS_shp1oe;scale_CIS_shp1oe	sd_CIS_au
observable_CIS_au		model1_data14	0.15773684210526318	30.0	offset_CIS_shp1oe;scale_CIS_shp1oe	sd_CIS_au
observable_CIS_au		model1_data14	0.7489878542510121	60.0	offset_CIS_shp1oe;scale_CIS_shp1oe	sd_CIS_au
observable_CIS_au		model1_data4	0.013227703984819716	0.0	offset_CIS_actd;scale_CIS_actd	sd_CIS_au
observable_CIS_au		model1_data4	0.009360531309297813	5.0	offset_CIS_actd;scale_CIS_actd	sd_CIS_au
observable_CIS_au		model1_data4	0.008916508538899528	10.0	offset_CIS_actd;scale_CIS_actd	sd_CIS_au
observable_CIS_au		model1_data4	0.02797722960151796	30.0	offset_CIS_actd;scale_CIS_actd	sd_CIS_au
observable_CIS_au		model1_data4	0.30740037950664106	60.0	offset_CIS_actd;scale_CIS_actd	sd_CIS_au
observable_CIS_au		model1_data4	0.5578747628083496	90.0	offset_CIS_actd;scale_CIS_actd	sd_CIS_au
observable_CIS_au		model1_data4	0.8368121442125238	120.0	offset_CIS_actd;scale_CIS_actd	sd_CIS_au
observable_CIS_au		model1_data4	0.8595825426944966	150.0	offset_CIS_actd;scale_CIS_actd	sd_CIS_au
observable_CIS_au		model1_data4	1.0	180.0	offset_CIS_actd;scale_CIS_actd	sd_CIS_au
observable_CIS_au		model1_data5	0.013948766603415394	0.0	offset_CIS_actd;scale_CIS_actd	sd_CIS_au
observable_CIS_au		model1_data5	0.007950664136622418	5.0	offset_CIS_actd;scale_CIS_actd	sd_CIS_au
observable_CIS_au		model1_data5	0.010045540796963879	10.0	offset_CIS_actd;scale_CIS_actd	sd_CIS_au
observable_CIS_au		model1_data5	0.020216318785578547	30.0	offset_CIS_actd;scale_CIS_actd	sd_CIS_au
observable_CIS_au		model1_data5	0.0060398481973435	60.0	offset_CIS_actd;scale_CIS_actd	sd_CIS_au
observable_CIS_au		model1_data5	0.007544592030360544	90.0	offset_CIS_actd;scale_CIS_actd	sd_CIS_au
observable_CIS_au		model1_data5	0.004163187855787515	120.0	offset_CIS_actd;scale_CIS_actd	sd_CIS_au
observable_CIS_au		model1_data5	0.012578747628083382	150.0	offset_CIS_actd;scale_CIS_actd	sd_CIS_au
observable_CIS_au		model1_data5	0.007963946869070143	180.0	offset_CIS_actd;scale_CIS_actd	sd_CIS_au
observable_CIS_au		model1_data7	0.028804587155963037	0.0	offset_CIS_cisoe;scale_CIS_cisoe	sd_CIS_au
observable_CIS_au		model1_data7	0.02606422018348611	10.0	offset_CIS_cisoe;scale_CIS_cisoe	sd_CIS_au
observable_CIS_au		model1_data7	0.10183486238532116	60.0	offset_CIS_cisoe;scale_CIS_cisoe	sd_CIS_au
observable_CIS_au		model1_data7	0.07531926605504577	120.0	offset_CIS_cisoe;scale_CIS_cisoe	sd_CIS_au
observable_CIS_au		model1_data8	1.0	0.0	offset_CIS_cisoe;scale_CIS_cisoe	sd_CIS_au
observable_CIS_au		model1_data8	0.7027522935779812	10.0	offset_CIS_cisoe;scale_CIS_cisoe	sd_CIS_au
observable_CIS_au		model1_data8	0.7449541284403675	60.0	offset_CIS_cisoe;scale_CIS_cisoe	sd_CIS_au
observable_CIS_au		model1_data8	0.6605504587155966	120.0	offset_CIS_cisoe;scale_CIS_cisoe	sd_CIS_au
observable_CIS_au1		model1_data38	0.7921552169018568	90.0	scale1_CIS_dr90	sd_CIS_au
observable_CIS_au1		model1_data38	0.9701469685365128	90.0	scale1_CIS_dr90	sd_CIS_au
observable_CIS_au1		model1_data38	0.9068891285355956	90.0	scale1_CIS_dr90	sd_CIS_au
observable_CIS_au1		model1_data39	0.7299144021323482	90.0	scale1_CIS_dr90	sd_CIS_au
observable_CIS_au1		model1_data39	0.8860003931281197	90.0	scale1_CIS_dr90	sd_CIS_au
observable_CIS_au1		model1_data39	1.0	90.0	scale1_CIS_dr90	sd_CIS_au
observable_CIS_au1		model1_data40	0.9709111639445238	90.0	scale1_CIS_dr90	sd_CIS_au
observable_CIS_au1		model1_data40	0.9999714851665992	90.0	scale1_CIS_dr90	sd_CIS_au
observable_CIS_au1		model1_data40	0.8536074250141366	90.0	scale1_CIS_dr90	sd_CIS_au
observable_CIS_au1		model1_data41	0.5133317487838592	90.0	scale1_CIS_dr90	sd_CIS_au
observable_CIS_au1		model1_data41	0.4728047665927251	90.0	scale1_CIS_dr90	sd_CIS_au
observable_CIS_au1		model1_data41	0.45263504064527205	90.0	scale1_CIS_dr90	sd_CIS_au
observable_CIS_au1		model1_data42	0.041597378968635065	90.0	scale1_CIS_dr90	sd_CIS_au
observable_CIS_au1		model1_data42	0.03776318192545832	90.0	scale1_CIS_dr90	sd_CIS_au
observable_CIS_au1		model1_data42	0.03897074960790769	90.0	scale1_CIS_dr90	sd_CIS_au
observable_CIS_au2		model1_data38	0.7130654128776245	90.0	scale2_CIS_dr90	sd_CIS_au
observable_CIS_au2		model1_data38	0.6044282321004407	90.0	scale2_CIS_dr90	sd_CIS_au
observable_CIS_au2		model1_data38	0.5199566251952595	90.0	scale2_CIS_dr90	sd_CIS_au
observable_CIS_au2		model1_data39	1.0	90.0	scale2_CIS_dr90	sd_CIS_au
observable_CIS_au2		model1_data39	0.8502851290026714	90.0	scale2_CIS_dr90	sd_CIS_au
observable_CIS_au2		model1_data39	0.9125216778166784	90.0	scale2_CIS_dr90	sd_CIS_au
observable_CIS_au2		model1_data40	0.9491334436425699	90.0	scale2_CIS_dr90	sd_CIS_au
observable_CIS_au2		model1_data40	0.5865996439871312	90.0	scale2_CIS_dr90	sd_CIS_au
observable_CIS_au2		model1_data40	0.8737164744534329	90.0	scale2_CIS_dr90	sd_CIS_au
observable_CIS_au2		model1_data41	0.5577560616550926	90.0	scale2_CIS_dr90	sd_CIS_au
observable_CIS_au2		model1_data41	0.4038809935987763	90.0	scale2_CIS_dr90	sd_CIS_au
observable_CIS_au2		model1_data41	0.5419819496814976	90.0	scale2_CIS_dr90	sd_CIS_au
observable_CIS_au2		model1_data42	0.0362795383822883	90.0	scale2_CIS_dr90	sd_CIS_au
observable_CIS_au2		model1_data42	0.045195001549106335	90.0	scale2_CIS_dr90	sd_CIS_au
observable_CIS_au2		model1_data42	0.04101854558742906	90.0	scale2_CIS_dr90	sd_CIS_au
observable_CISRNA_foldA		model1_data3	1.0477656058480294	15.0	scale_CISRNA_foldA	sd_RNA_fold
observable_CISRNA_foldA		model1_data3	1.428928128663558	30.0	scale_CISRNA_foldA	sd_RNA_fold
observable_CISRNA_foldA		model1_data3	7.076946501708836	60.0	scale_CISRNA_foldA	sd_RNA_fold
observable_CISRNA_foldA		model1_data3	3.1118696915963455	120.0	scale_CISRNA_foldA	sd_RNA_fold
observable_CISRNA_foldA		model1_data3	2.5859018058620853	240.0	scale_CISRNA_foldA	sd_RNA_fold
observable_CISRNA_foldA		model1_data3	1.8900662332490097	360.0	scale_CISRNA_foldA	sd_RNA_fold
observable_CISRNA_foldB		model1_data3	1.0566049338319916	15.0	scale_CISRNA_foldB	sd_RNA_fold
observable_CISRNA_foldB		model1_data3	1.4545436507936491	30.0	scale_CISRNA_foldB	sd_RNA_fold
observable_CISRNA_foldB		model1_data3	5.468274292217958	60.0	scale_CISRNA_foldB	sd_RNA_fold
observable_CISRNA_foldB		model1_data3	3.616502562719179	120.0	scale_CISRNA_foldB	sd_RNA_fold
observable_CISRNA_foldB		model1_data3	2.176099615558571	360.0	scale_CISRNA_foldB	sd_RNA_fold
observable_CISRNA_foldC		model1_data3	1.0315555555555551	15.0	scale_CISRNA_foldC	sd_RNA_fold
observable_CISRNA_foldC		model1_data3	1.4069781931464185	30.0	scale_CISRNA_foldC	sd_RNA_fold
observable_CISRNA_foldC		model1_data3	3.645027322404375	60.0	scale_CISRNA_foldC	sd_RNA_fold
observable_CISRNA_foldC		model1_data3	2.386976744186044	120.0	scale_CISRNA_foldC	sd_RNA_fold
observable_CISRNA_foldC		model1_data3	2.2103950103950107	240.0	scale_CISRNA_foldC	sd_RNA_fold
observable_CISRNA_foldC		model1_data3	1.4733333333333318	360.0	scale_CISRNA_foldC	sd_RNA_fold
observable_pEpoR_au		model1_data1	0.004412398921832927	0.0	offset_pEpoR_long;scale_pEpoR_long	sd_JAK2EpoR_au
observable_pEpoR_au		model1_data1	0.7008086253369271	5.0	offset_pEpoR_long;scale_pEpoR_long	sd_JAK2EpoR_au
observable_pEpoR_au		model1_data1	1.0	10.0	offset_pEpoR_long;scale_pEpoR_long	sd_JAK2EpoR_au
observable_pEpoR_au		model1_data1	0.6064690026954183	20.0	offset_pEpoR_long;scale_pEpoR_long	sd_JAK2EpoR_au
observable_pEpoR_au		model1_data1	0.19084636118598367	40.0	offset_pEpoR_long;scale_pEpoR_long	sd_JAK2EpoR_au
observable_pEpoR_au		model1_data1	0.1007870619946092	60.0	offset_pEpoR_long;scale_pEpoR_long	sd_JAK2EpoR_au
observable_pEpoR_au		model1_data1	0.11094878706199457	80.0	offset_pEpoR_long;scale_pEpoR_long	sd_JAK2EpoR_au
observable_pEpoR_au		model1_data1	0.06984636118598388	100.0	offset_pEpoR_long;scale_pEpoR_long	sd_JAK2EpoR_au
observable_pEpoR_au		model1_data1	0.28301886792452824	120.0	offset_pEpoR_long;scale_pEpoR_long	sd_JAK2EpoR_au
observable_pEpoR_au		model1_data1	0.13403773584905673	140.0	offset_pEpoR_long;scale_pEpoR_long	sd_JAK2EpoR_au
observable_pEpoR_au		model1_data1	0.2395552560646901	160.0	offset_pEpoR_long;scale_pEpoR_long	sd_JAK2EpoR_au
observable_pEpoR_au		model1_data1	0.05068194070080809	180.0	offset_pEpoR_long;scale_pEpoR_long	sd_JAK2EpoR_au
observable_pEpoR_au		model1_data1	0.04001886792452807	220.0	offset_pEpoR_long;scale_pEpoR_long	sd_JAK2EpoR_au
observable_pEpoR_au		model1_data1	0.08533153638814102	240.0	offset_pEpoR_long;scale_pEpoR_long	sd_JAK2EpoR_au
observable_pEpoR_au		model1_data10	0.11508828250401272	0.0	offset_pEpoR_cisoe_pepor;scale_pEpoR_cisoe_pepor	sd_JAK2EpoR_au
observable_pEpoR_au		model1_data10	0.3290529695024079	5.0	offset_pEpoR_cisoe_pepor;scale_pEpoR_cisoe_pepor	sd_JAK2EpoR_au
observable_pEpoR_au		model1_data10	0.2664526484751207	10.0	offset_pEpoR_cisoe_pepor;scale_pEpoR_cisoe_pepor	sd_JAK2EpoR_au
observable_pEpoR_au		model1_data10	0.2311396468699839	60.0	offset_pEpoR_cisoe_pepor;scale_pEpoR_cisoe_pepor	sd_JAK2EpoR_au
observable_pEpoR_au		model1_data10	0.17656500802568206	120.0	offset_pEpoR_cisoe_pepor;scale_pEpoR_cisoe_pepor	sd_JAK2EpoR_au
observable_pEpoR_au		model1_data11	0.04628975265017625	0.0	offset_pEpoR_socs3oe;scale_pEpoR_socs3oe	sd_JAK2EpoR_au
observable_pEpoR_au		model1_data11	1.0	10.0	offset_pEpoR_socs3oe;scale_pEpoR_socs3oe	sd_JAK2EpoR_au
observable_pEpoR_au		model1_data11	0.3639575971731449	60.0	offset_pEpoR_socs3oe;scale_pEpoR_socs3oe	sd_JAK2EpoR_au
observable_pEpoR_au		model1_data11	0.3674911660777384	120.0	offset_pEpoR_socs3oe;scale_pEpoR_socs3oe	sd_JAK2EpoR_au
observable_pEpoR_au		model1_data12	0.06325088339222573	0.0	offset_pEpoR_socs3oe;scale_pEpoR_socs3oe	sd_JAK2EpoR_au
observable_pEpoR_au		model1_data12	0.8975265017667848	10.0	offset_pEpoR_socs3oe;scale_pEpoR_socs3oe	sd_JAK2EpoR_au
observable_pEpoR_au		model1_data12	0.13780918727915198	60.0	offset_pEpoR_socs3oe;scale_pEpoR_socs3oe	sd_JAK2EpoR_au
observable_pEpoR_au		model1_data12	0.12438162544169618	120.0	offset_pEpoR_socs3oe;scale_pEpoR_socs3oe	sd_JAK2EpoR_au
observable_pEpoR_au		model1_data13	0.03522167487684748	0.0	offset_pEpoR_shp1oe;scale_pEpoR_shp1oe	sd_JAK2EpoR_au
observable_pEpoR_au		model1_data13	1.0	5.0	offset_pEpoR_shp1oe;scale_pEpoR_shp1oe	sd_JAK2EpoR_au
observable_pEpoR_au		model1_data13	0.5172413793103446	10.0	offset_pEpoR_shp1oe;scale_pEpoR_shp1oe	sd_JAK2EpoR_au
observable_pEpoR_au		model1_data13	0.31773399014778336	30.0	offset_pEpoR_shp1oe;scale_pEpoR_shp1oe	sd_JAK2EpoR_au
observable_pEpoR_au		model1_data13	0.1440886699507388	60.0	offset_pEpoR_shp1oe;scale_pEpoR_shp1oe	sd_JAK2EpoR_au
observable_pEpoR_au		model1_data14	0.02463054187192141	0.0	offset_pEpoR_shp1oe;scale_pEpoR_shp1oe	sd_JAK2EpoR_au
observable_pEpoR_au		model1_data14	0.4236453201970445	5.0	offset_pEpoR_shp1oe;scale_pEpoR_shp1oe	sd_JAK2EpoR_au
observable_pEpoR_au		model1_data14	0.4359605911330055	10.0	offset_pEpoR_shp1oe;scale_pEpoR_shp1oe	sd_JAK2EpoR_au
observable_pEpoR_au		model1_data14	0.1608374384236454	30.0	offset_pEpoR_shp1oe;scale_pEpoR_shp1oe	sd_JAK2EpoR_au
observable_pEpoR_au		model1_data14	0.0753694581280795	60.0	offset_pEpoR_shp1oe;scale_pEpoR_shp1oe	sd_JAK2EpoR_au
observable_pEpoR_au		model1_data15	1.0	7.0	offset_pEpoR_dr7;scale_pEpoR_dr7	sd_JAK2EpoR_au
observable_pEpoR_au		model1_data15	0.6717827626918532	7.0	offset_pEpoR_dr7;scale_pEpoR_dr7	sd_JAK2EpoR_au
observable_pEpoR_au		model1_data15	0.9161747343565514	7.0	offset_pEpoR_dr7;scale_pEpoR_dr7	sd_JAK2EpoR_au
observable_pEpoR_au		model1_data16	0.6599763872491139	7.0	offset_pEpoR_dr7;scale_pEpoR_dr7	sd_JAK2EpoR_au
observable_pEpoR_au		model1_data16	0.7851239669421494	7.0	offset_pEpoR_dr7;scale_pEpoR_dr7	sd_JAK2EpoR_au
observable_pEpoR_au		model1_data16	0.6953955135773322	7.0	offset_pEpoR_dr7;scale_pEpoR_dr7	sd_JAK2EpoR_au
observable_pEpoR_au		model1_data17	0.5997638724911448	7.0	offset_pEpoR_dr7;scale_pEpoR_dr7	sd_JAK2EpoR_au
observable_pEpoR_au		model1_data17	0.8063754427390797	7.0	offset_pEpoR_dr7;scale_pEpoR_dr7	sd_JAK2EpoR_au
observable_pEpoR_au		model1_data17	0.33530106257379	7.0	offset_pEpoR_dr7;scale_pEpoR_dr7	sd_JAK2EpoR_au
observable_pEpoR_au		model1_data18	0.13105076741440366	7.0	offset_pEpoR_dr7;scale_pEpoR_dr7	sd_JAK2EpoR_au
observable_pEpoR_au		model1_data18	0.2703659976387248	7.0	offset_pEpoR_dr7;scale_pEpoR_dr7	sd_JAK2EpoR_au
observable_pEpoR_au		model1_data18	0.1794569067296341	7.0	offset_pEpoR_dr7;scale_pEpoR_dr7	sd_JAK2EpoR_au
observable_pEpoR_au		model1_data19	0.05218417945690733	7.0	offset_pEpoR_dr7;scale_pEpoR_dr7	sd_JAK2EpoR_au
observable_pEpoR_au		model1_data19	0.040023612750885916	7.0	offset_pEpoR_dr7;scale_pEpoR_dr7	sd_JAK2EpoR_au
observable_pEpoR_au		model1_data19	0.03683589138134626	7.0	offset_pEpoR_dr7;scale_pEpoR_dr7	sd_JAK2EpoR_au
observable_pEpoR_au		model1_data20	0.7441860465116271	30.0	offset_pEpoR_dr30;scale_pEpoR_dr30	sd_JAK2EpoR_au
observable_pEpoR_au		model1_data20	0.4717607973421926	30.0	offset_pEpoR_dr30;scale_pEpoR_dr30	sd_JAK2EpoR_au
observable_pEpoR_au		model1_data20	0.787375415282393	30.0	offset_pEpoR_dr30;scale_pEpoR_dr30	sd_JAK2EpoR_au
observable_pEpoR_au		model1_data21	0.6578073089701001	30.0	offset_pEpoR_dr30;scale_pEpoR_dr30	sd_JAK2EpoR_au
observable_pEpoR_au		model1_data21	0.6976744186046513	30.0	offset_pEpoR_dr30;scale_pEpoR_dr30	sd_JAK2EpoR_au
observable_pEpoR_au		model1_data21	0.7408637873754147	30.0	offset_pEpoR_dr30;scale_pEpoR_dr30	sd_JAK2EpoR_au
observable_pEpoR_au		model1_data22	0.7176079734219277	30.0	offset_pEpoR_dr30;scale_pEpoR_dr30	sd_JAK2EpoR_au
observable_pEpoR_au		model1_data22	0.6877076411960127	30.0	offset_pEpoR_dr30;scale_pEpoR_dr30	sd_JAK2EpoR_au
observable_pEpoR_au		model1_data22	0.7176079734219277	30.0	offset_pEpoR_dr30;scale_pEpoR_dr30	sd_JAK2EpoR_au
observable_pEpoR_au		model1_data23	0.6079734219269102	30.0	offset_pEpoR_dr30;scale_pEpoR_dr30	sd_JAK2EpoR_au
observable_pEpoR_au		model1_data23	0.6578073089701001	30.0	offset_pEpoR_dr30;scale_pEpoR_dr30	sd_JAK2EpoR_au
observable_pEpoR_au		model1_data23	1.0	30.0	offset_pEpoR_dr30;scale_pEpoR_dr30	sd_JAK2EpoR_au
observable_pEpoR_au		model1_data24	0.3421926910299004	30.0	offset_pEpoR_dr30;scale_pEpoR_dr30	sd_JAK2EpoR_au
observable_pEpoR_au		model1_data24	0.48172757475083	30.0	offset_pEpoR_dr30;scale_pEpoR_dr30	sd_JAK2EpoR_au
observable_pEpoR_au		model1_data24	0.634551495016611	30.0	offset_pEpoR_dr30;scale_pEpoR_dr30	sd_JAK2EpoR_au
observable_pEpoR_au		model1_data25	0.12126245847176073	30.0	offset_pEpoR_dr30;scale_pEpoR_dr30	sd_JAK2EpoR_au
observable_pEpoR_au		model1_data25	0.1033222591362126	30.0	offset_pEpoR_dr30;scale_pEpoR_dr30	sd_JAK2EpoR_au
observable_pEpoR_au		model1_data25	0.2465116279069769	30.0	offset_pEpoR_dr30;scale_pEpoR_dr30	sd_JAK2EpoR_au
observable_pEpoR_au		model1_data4	0.03308679245283048	0.0	offset_pEpoR_actd;scale_pEpoR_actd	sd_JAK2EpoR_au
observable_pEpoR_au		model1_data4	0.8641509433962261	5.0	offset_pEpoR_actd;scale_pEpoR_actd	sd_JAK2EpoR_au
observable_pEpoR_au		model1_data4	0.8415094339622645	10.0	offset_pEpoR_actd;scale_pEpoR_actd	sd_JAK2EpoR_au
observable_pEpoR_au		model1_data4	0.12696226415094333	30.0	offset_pEpoR_actd;scale_pEpoR_actd	sd_JAK2EpoR_au
observable_pEpoR_au		model1_data4	0.12548679245283018	60.0	offset_pEpoR_actd;scale_pEpoR_actd	sd_JAK2EpoR_au
observable_pEpoR_au		model1_data4	0.053000000000000116	90.0	offset_pEpoR_actd;scale_pEpoR_actd	sd_JAK2EpoR_au
observable_pEpoR_au		model1_data4	0.15866037735849078	120.0	offset_pEpoR_actd;scale_pEpoR_actd	sd_JAK2EpoR_au
observable_pEpoR_au		model1_data4	0.09990566037735736	150.0	offset_pEpoR_actd;scale_pEpoR_actd	sd_JAK2EpoR_au
observable_pEpoR_au		model1_data4	0.07912830188679236	180.0	offset_pEpoR_actd;scale_pEpoR_actd	sd_JAK2EpoR_au
observable_pEpoR_au		model1_data5	0.01129811320754728	0.0	offset_pEpoR_actd;scale_pEpoR_actd	sd_JAK2EpoR_au
observable_pEpoR_au		model1_data5	1.0	5.0	offset_pEpoR_actd;scale_pEpoR_actd	sd_JAK2EpoR_au
observable_pEpoR_au		model1_data5	0.7886792452830186	10.0	offset_pEpoR_actd;scale_pEpoR_actd	sd_JAK2EpoR_au
observable_pEpoR_au		model1_data5	0.3283132075471697	30.0	offset_pEpoR_actd;scale_pEpoR_actd	sd_JAK2EpoR_au
observable_pEpoR_au		model1_data5	0.12355471698113213	60.0	offset_pEpoR_actd;scale_pEpoR_actd	sd_JAK2EpoR_au
observable_pEpoR_au		model1_data5	0.17725283018867938	90.0	offset_pEpoR_actd;scale_pEpoR_actd	sd_JAK2EpoR_au
observable_pEpoR_au		model1_data5	0.19284528301886786	120.0	offset_pEpoR_actd;scale_pEpoR_actd	sd_JAK2EpoR_au
observable_pEpoR_au		model1_data5	0.17083018867924515	150.0	offset_pEpoR_actd;scale_pEpoR_actd	sd_JAK2EpoR_au
observable_pEpoR_au		model1_data5	0.13583396226415098	180.0	offset_pEpoR_actd;scale_pEpoR_actd	sd_JAK2EpoR_au
observable_pEpoR_au		model1_data6	0.3097345132743364	0.0	offset_pEpoR_fine;scale_pEpoR_fine	sd_JAK2EpoR_au
observable_pEpoR_au		model1_data6	0.026991150442478115	0.0	offset_pEpoR_fine;scale_pEpoR_fine	sd_JAK2EpoR_au
observable_pEpoR_au		model1_data6	0.21091445427728586	0.5	offset_pEpoR_fine;scale_pEpoR_fine	sd_JAK2EpoR_au
observable_pEpoR_au		model1_data6	0.4239646017699117	1.0	offset_pEpoR_fine;scale_pEpoR_fine	sd_JAK2EpoR_au
observable_pEpoR_au		model1_data6	0.91150442477876	1.5	offset_pEpoR_fine;scale_pEpoR_fine	sd_JAK2EpoR_au
observable_pEpoR_au		model1_data6	0.6836238938053095	2.0	offset_pEpoR_fine;scale_pEpoR_fine	sd_JAK2EpoR_au
observable_pEpoR_au		model1_data6	0.9985250737463128	3.0	offset_pEpoR_fine;scale_pEpoR_fine	sd_JAK2EpoR_au
observable_pEpoR_au		model1_data6	0.7687109144542768	4.0	offset_pEpoR_fine;scale_pEpoR_fine	sd_JAK2EpoR_au
observable_pEpoR_au		model1_data6	1.0	5.0	offset_pEpoR_fine;scale_pEpoR_fine	sd_JAK2EpoR_au
observable_pEpoR_au		model1_data6	0.5237212389380529	6.0	offset_pEpoR_fine;scale_pEpoR_fine	sd_JAK2EpoR_au
observable_pEpoR_au		model1_data6	0.4174041297935105	7.5	offset_pEpoR_fine;scale_pEpoR_fine	sd_JAK2EpoR_au
observable_pEpoR_au		model1_data6	0.9066091445427732	9.0	offset_pEpoR_fine;scale_pEpoR_fine	sd_JAK2EpoR_au
observable_pEpoR_au		model1_data6	0.19911504424778773	10.5	offset_pEpoR_fine;scale_pEpoR_fine	sd_JAK2EpoR_au
observable_pEpoR_au		model1_data6	0.5134513274336289	12.0	offset_pEpoR_fine;scale_pEpoR_fine	sd_JAK2EpoR_au
observable_pEpoR_au		model1_data6	0.3392330383480822	13.5	offset_pEpoR_fine;scale_pEpoR_fine	sd_JAK2EpoR_au
observable_pEpoR_au		model1_data6	0.7760457227138644	15.0	offset_pEpoR_fine;scale_pEpoR_fine	sd_JAK2EpoR_au
observable_pEpoR_au		model1_data6	0.9513274336283176	16.5	offset_pEpoR_fine;scale_pEpoR_fine	sd_JAK2EpoR_au
observable_pEpoR_au		model1_data6	0.2831312684365783	18.0	offset_pEpoR_fine;scale_pEpoR_fine	sd_JAK2EpoR_au
observable_pEpoR_au		model1_data6	0.1666666666666665	20.0	offset_pEpoR_fine;scale_pEpoR_fine	sd_JAK2EpoR_au
observable_pEpoR_au		model1_data6	0.21711651917404148	22.0	offset_pEpoR_fine;scale_pEpoR_fine	sd_JAK2EpoR_au
observable_pEpoR_au		model1_data6	0.12050147492625365	25.0	offset_pEpoR_fine;scale_pEpoR_fine	sd_JAK2EpoR_au
observable_pEpoR_au		model1_data6	0.14348230088495592	28.0	offset_pEpoR_fine;scale_pEpoR_fine	sd_JAK2EpoR_au
observable_pEpoR_au		model1_data6	0.08453244837758157	31.0	offset_pEpoR_fine;scale_pEpoR_fine	sd_JAK2EpoR_au
observable_pEpoR_au		model1_data6	0.0801120943952796	35.0	offset_pEpoR_fine;scale_pEpoR_fine	sd_JAK2EpoR_au
observable_pEpoR_au		model1_data6	0.0977536873156347	40.0	offset_pEpoR_fine;scale_pEpoR_fine	sd_JAK2EpoR_au
observable_pEpoR_au		model1_data6	0.1215884955752212	45.0	offset_pEpoR_fine;scale_pEpoR_fine	sd_JAK2EpoR_au
observable_pEpoR_au		model1_data6	0.06949999999999938	50.0	offset_pEpoR_fine;scale_pEpoR_fine	sd_JAK2EpoR_au
observable_pEpoR_au		model1_data6	0.14816814159292027	60.0	offset_pEpoR_fine;scale_pEpoR_fine	sd_JAK2EpoR_au
observable_pEpoR_au		model1_data6	0.1578171091445427	65.0	offset_pEpoR_fine;scale_pEpoR_fine	sd_JAK2EpoR_au
observable_pEpoR_au		model1_data6	0.1044601769911504	70.0	offset_pEpoR_fine;scale_pEpoR_fine	sd_JAK2EpoR_au
observable_pEpoR_au		model1_data7	0.023098159509202368	0.0	offset_pEpoR_cisoe;scale_pEpoR_cisoe	sd_JAK2EpoR_au
observable_pEpoR_au		model1_data7	1.0	10.0	offset_pEpoR_cisoe;scale_pEpoR_cisoe	sd_JAK2EpoR_au
observable_pEpoR_au		model1_data7	0.2261779141104293	60.0	offset_pEpoR_cisoe;scale_pEpoR_cisoe	sd_JAK2EpoR_au
observable_pEpoR_au		model1_data7	0.24068098159509196	120.0	offset_pEpoR_cisoe;scale_pEpoR_cisoe	sd_JAK2EpoR_au
observable_pEpoR_au		model1_data8	0.03201840490797527	0.0	offset_pEpoR_cisoe;scale_pEpoR_cisoe	sd_JAK2EpoR_au
observable_pEpoR_au		model1_data8	0.2278466257668712	10.0	offset_pEpoR_cisoe;scale_pEpoR_cisoe	sd_JAK2EpoR_au
observable_pEpoR_au		model1_data8	0.1865337423312883	60.0	offset_pEpoR_cisoe;scale_pEpoR_cisoe	sd_JAK2EpoR_au
observable_pEpoR_au		model1_data8	0.20521472392638032	120.0	offset_pEpoR_cisoe;scale_pEpoR_cisoe	sd_JAK2EpoR_au
observable_pEpoR_au		model1_data9	0.1288924558587479	0.0	offset_pEpoR_cisoe_pepor;scale_pEpoR_cisoe_pepor	sd_JAK2EpoR_au
observable_pEpoR_au		model1_data9	1.0	5.0	offset_pEpoR_cisoe_pepor;scale_pEpoR_cisoe_pepor	sd_JAK2EpoR_au
observable_pEpoR_au		model1_data9	0.8844301765650071	10.0	offset_pEpoR_cisoe_pepor;scale_pEpoR_cisoe_pepor	sd_JAK2EpoR_au
observable_pEpoR_au		model1_data9	0.31460674157303337	60.0	offset_pEpoR_cisoe_pepor;scale_pEpoR_cisoe_pepor	sd_JAK2EpoR_au
observable_pEpoR_au		model1_data9	0.2118780096308185	120.0	offset_pEpoR_cisoe_pepor;scale_pEpoR_cisoe_pepor	sd_JAK2EpoR_au
observable_pJAK2_au		model1_data1	0.011066298342541388	0.0	offset_pJAK2_long;scale_pJAK2_long	sd_JAK2EpoR_au
observable_pJAK2_au		model1_data1	1.0	5.0	offset_pJAK2_long;scale_pJAK2_long	sd_JAK2EpoR_au
observable_pJAK2_au		model1_data1	0.7458563535911609	10.0	offset_pJAK2_long;scale_pJAK2_long	sd_JAK2EpoR_au
observable_pJAK2_au		model1_data1	0.7458563535911609	20.0	offset_pJAK2_long;scale_pJAK2_long	sd_JAK2EpoR_au
observable_pJAK2_au		model1_data1	0.26205524861878465	40.0	offset_pJAK2_long;scale_pJAK2_long	sd_JAK2EpoR_au
observable_pJAK2_au		model1_data1	0.0431049723756908	60.0	offset_pJAK2_long;scale_pJAK2_long	sd_JAK2EpoR_au
observable_pJAK2_au		model1_data1	0.16319889502762436	80.0	offset_pJAK2_long;scale_pJAK2_long	sd_JAK2EpoR_au
observable_pJAK2_au		model1_data1	0.09260773480662972	100.0	offset_pJAK2_long;scale_pJAK2_long	sd_JAK2EpoR_au
observable_pJAK2_au		model1_data1	0.02527624309392249	120.0	offset_pJAK2_long;scale_pJAK2_long	sd_JAK2EpoR_au
observable_pJAK2_au		model1_data1	0.1341381215469613	140.0	offset_pJAK2_long;scale_pJAK2_long	sd_JAK2EpoR_au
observable_pJAK2_au		model1_data1	0.13585635359116033	160.0	offset_pJAK2_long;scale_pJAK2_long	sd_JAK2EpoR_au
observable_pJAK2_au		model1_data1	0.05623204419889485	180.0	offset_pJAK2_long;scale_pJAK2_long	sd_JAK2EpoR_au
observable_pJAK2_au		model1_data1	0.0592430939226518	220.0	offset_pJAK2_long;scale_pJAK2_long	sd_JAK2EpoR_au
observable_pJAK2_au		model1_data1	0.1021160220994476	240.0	offset_pJAK2_long;scale_pJAK2_long	sd_JAK2EpoR_au
observable_pJAK2_au		model1_data11	0.07482517482517517	0.0	offset_pJAK2_socs3oe;scale_pJAK2_socs3oe	sd_JAK2EpoR_au
observable_pJAK2_au		model1_data11	1.0	10.0	offset_pJAK2_socs3oe;scale_pJAK2_socs3oe	sd_JAK2EpoR_au
observable_pJAK2_au		model1_data11	0.2377622377622376	60.0	offset_pJAK2_socs3oe;scale_pJAK2_socs3oe	sd_JAK2EpoR_au
observable_pJAK2_au		model1_data11	0.26573426573426545	120.0	offset_pJAK2_socs3oe;scale_pJAK2_socs3oe	sd_JAK2EpoR_au
observable_pJAK2_au		model1_data12	0.08624708624708613	0.0	offset_pJAK2_socs3oe;scale_pJAK2_socs3oe	sd_JAK2EpoR_au
observable_pJAK2_au		model1_data12	0.4475524475524472	10.0	offset_pJAK2_socs3oe;scale_pJAK2_socs3oe	sd_JAK2EpoR_au
observable_pJAK2_au		model1_data12	0.06060606060606007	60.0	offset_pJAK2_socs3oe;scale_pJAK2_socs3oe	sd_JAK2EpoR_au
observable_pJAK2_au		model1_data12	0.04405594405594407	120.0	offset_pJAK2_socs3oe;scale_pJAK2_socs3oe	sd_JAK2EpoR_au
observable_pJAK2_au		model1_data13	0.01928292682926846	0.0	offset_pJAK2_shp1oe;scale_pJAK2_shp1oe	sd_JAK2EpoR_au
observable_pJAK2_au		model1_data13	1.0	5.0	offset_pJAK2_shp1oe;scale_pJAK2_shp1oe	sd_JAK2EpoR_au
observable_pJAK2_au		model1_data13	0.9918699186991864	10.0	offset_pJAK2_shp1oe;scale_pJAK2_shp1oe	sd_JAK2EpoR_au
observable_pJAK2_au		model1_data13	0.5130081300813003	30.0	offset_pJAK2_shp1oe;scale_pJAK2_shp1oe	sd_JAK2EpoR_au
observable_pJAK2_au		model1_data13	0.3065040650406504	60.0	offset_pJAK2_shp1oe;scale_pJAK2_shp1oe	sd_JAK2EpoR_au
observable_pJAK2_au		model1_data14	0.03739837398374017	0.0	offset_pJAK2_shp1oe;scale_pJAK2_shp1oe	sd_JAK2EpoR_au
observable_pJAK2_au		model1_data14	0.9837398373983736	5.0	offset_pJAK2_shp1oe;scale_pJAK2_shp1oe	sd_JAK2EpoR_au
observable_pJAK2_au		model1_data14	0.9268292682926836	10.0	offset_pJAK2_shp1oe;scale_pJAK2_shp1oe	sd_JAK2EpoR_au
observable_pJAK2_au		model1_data14	0.33739837398374	30.0	offset_pJAK2_shp1oe;scale_pJAK2_shp1oe	sd_JAK2EpoR_au
observable_pJAK2_au		model1_data14	0.1211382113821138	60.0	offset_pJAK2_shp1oe;scale_pJAK2_shp1oe	sd_JAK2EpoR_au
observable_pJAK2_au		model1_data15	0.5018450184501848	7.0	offset_pJAK2_dr7;scale_pJAK2_dr7	sd_JAK2EpoR_au
observable_pJAK2_au		model1_data15	0.7601476014760153	7.0	offset_pJAK2_dr7;scale_pJAK2_dr7	sd_JAK2EpoR_au
observable_pJAK2_au		model1_data15	0.8265682656826566	7.0	offset_pJAK2_dr7;scale_pJAK2_dr7	sd_JAK2EpoR_au
observable_pJAK2_au		model1_data16	0.5645756457564575	7.0	offset_pJAK2_dr7;scale_pJAK2_dr7	sd_JAK2EpoR_au
observable_pJAK2_au		model1_data16	0.7970479704797044	7.0	offset_pJAK2_dr7;scale_pJAK2_dr7	sd_JAK2EpoR_au
observable_pJAK2_au		model1_data16	1.0	7.0	offset_pJAK2_dr7;scale_pJAK2_dr7	sd_JAK2EpoR_au
observable_pJAK2_au		model1_data17	0.4538745387453873	7.0	offset_pJAK2_dr7;scale_pJAK2_dr7	sd_JAK2EpoR_au
observable_pJAK2_au		model1_data17	0.5904059040590405	7.0	offset_pJAK2_dr7;scale_pJAK2_dr7	sd_JAK2EpoR_au
observable_pJAK2_au		model1_data17	0.730627306273062	7.0	offset_pJAK2_dr7;scale_pJAK2_dr7	sd_JAK2EpoR_au
observable_pJAK2_au		model1_data18	0.15424354243542454	7.0	offset_pJAK2_dr7;scale_pJAK2_dr7	sd_JAK2EpoR_au
observable_pJAK2_au		model1_data18	0.1653136531365312	7.0	offset_pJAK2_dr7;scale_pJAK2_dr7	sd_JAK2EpoR_au
observable_pJAK2_au		model1_data18	0.2254612546125463	7.0	offset_pJAK2_dr7;scale_pJAK2_dr7	sd_JAK2EpoR_au
observable_pJAK2_au		model1_data19	0.040590405904059115	7.0	offset_pJAK2_dr7;scale_pJAK2_dr7	sd_JAK2EpoR_au
observable_pJAK2_au		model1_data19	0.04538745387453851	7.0	offset_pJAK2_dr7;scale_pJAK2_dr7	sd_JAK2EpoR_au
observable_pJAK2_au		model1_data19	0.08044280442804443	7.0	offset_pJAK2_dr7;scale_pJAK2_dr7	sd_JAK2EpoR_au
observable_pJAK2_au		model1_data20	0.8279883381924195	30.0	offset_pJAK2_dr30;scale_pJAK2_dr30	sd_JAK2EpoR_au
observable_pJAK2_au		model1_data20	0.7580174927113712	30.0	offset_pJAK2_dr30;scale_pJAK2_dr30	sd_JAK2EpoR_au
observable_pJAK2_au		model1_data20	0.5481049562682211	30.0	offset_pJAK2_dr30;scale_pJAK2_dr30	sd_JAK2EpoR_au
observable_pJAK2_au		model1_data21	0.7696793002915459	30.0	offset_pJAK2_dr30;scale_pJAK2_dr30	sd_JAK2EpoR_au
observable_pJAK2_au		model1_data21	0.6676384839650138	30.0	offset_pJAK2_dr30;scale_pJAK2_dr30	sd_JAK2EpoR_au
observable_pJAK2_au		model1_data21	0.6734693877551023	30.0	offset_pJAK2_dr30;scale_pJAK2_dr30	sd_JAK2EpoR_au
observable_pJAK2_au		model1_data22	1.0	30.0	offset_pJAK2_dr30;scale_pJAK2_dr30	sd_JAK2EpoR_au
observable_pJAK2_au		model1_data22	0.7871720116618081	30.0	offset_pJAK2_dr30;scale_pJAK2_dr30	sd_JAK2EpoR_au
observable_pJAK2_au		model1_data22	0.7551020408163259	30.0	offset_pJAK2_dr30;scale_pJAK2_dr30	sd_JAK2EpoR_au
observable_pJAK2_au		model1_data23	0.7259475218658895	30.0	offset_pJAK2_dr30;scale_pJAK2_dr30	sd_JAK2EpoR_au
observable_pJAK2_au		model1_data23	0.6501457725947519	30.0	offset_pJAK2_dr30;scale_pJAK2_dr30	sd_JAK2EpoR_au
observable_pJAK2_au		model1_data23	0.6268221574344025	30.0	offset_pJAK2_dr30;scale_pJAK2_dr30	sd_JAK2EpoR_au
observable_pJAK2_au		model1_data24	0.3819241982507289	30.0	offset_pJAK2_dr30;scale_pJAK2_dr30	sd_JAK2EpoR_au
observable_pJAK2_au		model1_data24	0.2352769679300292	30.0	offset_pJAK2_dr30;scale_pJAK2_dr30	sd_JAK2EpoR_au
observable_pJAK2_au		model1_data24	0.22827988338192426	30.0	offset_pJAK2_dr30;scale_pJAK2_dr30	sd_JAK2EpoR_au
observable_pJAK2_au		model1_data25	0.0906705539358607	30.0	offset_pJAK2_dr30;scale_pJAK2_dr30	sd_JAK2EpoR_au
observable_pJAK2_au		model1_data25	0.06967930029154565	30.0	offset_pJAK2_dr30;scale_pJAK2_dr30	sd_JAK2EpoR_au
observable_pJAK2_au		model1_data25	0.10874635568513116	30.0	offset_pJAK2_dr30;scale_pJAK2_dr30	sd_JAK2EpoR_au
observable_pJAK2_au		model1_data4	0.018583193204846204	0.0	offset_pJAK2_actd;scale_pJAK2_actd	sd_JAK2EpoR_au
observable_pJAK2_au		model1_data4	1.0	5.0	offset_pJAK2_actd;scale_pJAK2_actd	sd_JAK2EpoR_au
observable_pJAK2_au		model1_data4	0.7495939866913864	10.0	offset_pJAK2_actd;scale_pJAK2_actd	sd_JAK2EpoR_au
observable_pJAK2_au		model1_data4	0.2346972506072234	30.0	offset_pJAK2_actd;scale_pJAK2_actd	sd_JAK2EpoR_au
observable_pJAK2_au		model1_data4	0.0813894997053714	60.0	offset_pJAK2_actd;scale_pJAK2_actd	sd_JAK2EpoR_au
observable_pJAK2_au		model1_data4	0.04545911841216452	90.0	offset_pJAK2_actd;scale_pJAK2_actd	sd_JAK2EpoR_au
observable_pJAK2_au		model1_data4	0.03617470788600003	120.0	offset_pJAK2_actd;scale_pJAK2_actd	sd_JAK2EpoR_au
observable_pJAK2_au		model1_data4	0.06854079535491951	150.0	offset_pJAK2_actd;scale_pJAK2_actd	sd_JAK2EpoR_au
observable_pJAK2_au		model1_data4	0.07464896017476504	180.0	offset_pJAK2_actd;scale_pJAK2_actd	sd_JAK2EpoR_au
observable_pJAK2_au		model1_data5	0.02224809209675324	0.0	offset_pJAK2_actd;scale_pJAK2_actd	sd_JAK2EpoR_au
observable_pJAK2_au		model1_data5	0.5944897167248733	5.0	offset_pJAK2_actd;scale_pJAK2_actd	sd_JAK2EpoR_au
observable_pJAK2_au		model1_data5	0.8884146078558176	10.0	offset_pJAK2_actd;scale_pJAK2_actd	sd_JAK2EpoR_au
observable_pJAK2_au		model1_data5	0.2125497635780911	30.0	offset_pJAK2_actd;scale_pJAK2_actd	sd_JAK2EpoR_au
observable_pJAK2_au		model1_data5	0.12431911927449367	60.0	offset_pJAK2_actd;scale_pJAK2_actd	sd_JAK2EpoR_au
observable_pJAK2_au		model1_data5	0.17558458730364052	90.0	offset_pJAK2_actd;scale_pJAK2_actd	sd_JAK2EpoR_au
observable_pJAK2_au		model1_data5	0.09870794348869702	120.0	offset_pJAK2_actd;scale_pJAK2_actd	sd_JAK2EpoR_au
observable_pJAK2_au		model1_data5	0.1637419336293995	150.0	offset_pJAK2_actd;scale_pJAK2_actd	sd_JAK2EpoR_au
observable_pJAK2_au		model1_data5	0.14182440104054367	180.0	offset_pJAK2_actd;scale_pJAK2_actd	sd_JAK2EpoR_au
observable_pJAK2_au		model1_data6	0.021170212765957548	0.0	offset_pJAK2_fine;scale_pJAK2_fine	sd_JAK2EpoR_au
observable_pJAK2_au		model1_data6	0.02616312056737566	0.0	offset_pJAK2_fine;scale_pJAK2_fine	sd_JAK2EpoR_au
observable_pJAK2_au		model1_data6	0.1968085106382978	0.5	offset_pJAK2_fine;scale_pJAK2_fine	sd_JAK2EpoR_au
observable_pJAK2_au		model1_data6	0.3790531914893617	1.0	offset_pJAK2_fine;scale_pJAK2_fine	sd_JAK2EpoR_au
observable_pJAK2_au		model1_data6	0.4131205673758869	1.5	offset_pJAK2_fine;scale_pJAK2_fine	sd_JAK2EpoR_au
observable_pJAK2_au		model1_data6	0.3686826241134755	2.0	offset_pJAK2_fine;scale_pJAK2_fine	sd_JAK2EpoR_au
observable_pJAK2_au		model1_data6	0.4911347517730493	3.0	offset_pJAK2_fine;scale_pJAK2_fine	sd_JAK2EpoR_au
observable_pJAK2_au		model1_data6	0.9067304964539008	4.0	offset_pJAK2_fine;scale_pJAK2_fine	sd_JAK2EpoR_au
observable_pJAK2_au		model1_data6	1.0	5.0	offset_pJAK2_fine;scale_pJAK2_fine	sd_JAK2EpoR_au
observable_pJAK2_au		model1_data6	0.7995815602836874	6.0	offset_pJAK2_fine;scale_pJAK2_fine	sd_JAK2EpoR_au
observable_pJAK2_au		model1_data6	0.7606382978723405	7.5	offset_pJAK2_fine;scale_pJAK2_fine	sd_JAK2EpoR_au
observable_pJAK2_au		model1_data6	0.6532606382978727	9.0	offset_pJAK2_fine;scale_pJAK2_fine	sd_JAK2EpoR_au
observable_pJAK2_au		model1_data6	0.8280141843971633	10.5	offset_pJAK2_fine;scale_pJAK2_fine	sd_JAK2EpoR_au
observable_pJAK2_au		model1_data6	0.6037198581560285	12.0	offset_pJAK2_fine;scale_pJAK2_fine	sd_JAK2EpoR_au
observable_pJAK2_au		model1_data6	0.4787234042553191	13.5	offset_pJAK2_fine;scale_pJAK2_fine	sd_JAK2EpoR_au
observable_pJAK2_au		model1_data6	0.24079609929078016	15.0	offset_pJAK2_fine;scale_pJAK2_fine	sd_JAK2EpoR_au
observable_pJAK2_au		model1_data6	0.4007092198581563	16.5	offset_pJAK2_fine;scale_pJAK2_fine	sd_JAK2EpoR_au
observable_pJAK2_au		model1_data6	0.7523439716312065	18.0	offset_pJAK2_fine;scale_pJAK2_fine	sd_JAK2EpoR_au
observable_pJAK2_au		model1_data6	0.3528368794326239	20.0	offset_pJAK2_fine;scale_pJAK2_fine	sd_JAK2EpoR_au
observable_pJAK2_au		model1_data6	0.2281223404255321	22.0	offset_pJAK2_fine;scale_pJAK2_fine	sd_JAK2EpoR_au
observable_pJAK2_au		model1_data6	0.18617021276595752	25.0	offset_pJAK2_fine;scale_pJAK2_fine	sd_JAK2EpoR_au
observable_pJAK2_au		model1_data6	0.3882695035460997	28.0	offset_pJAK2_fine;scale_pJAK2_fine	sd_JAK2EpoR_au
observable_pJAK2_au		model1_data6	0.17281560283687936	31.0	offset_pJAK2_fine;scale_pJAK2_fine	sd_JAK2EpoR_au
observable_pJAK2_au		model1_data6	0.07710638297872377	35.0	offset_pJAK2_fine;scale_pJAK2_fine	sd_JAK2EpoR_au
observable_pJAK2_au		model1_data6	0.16393439716312036	40.0	offset_pJAK2_fine;scale_pJAK2_fine	sd_JAK2EpoR_au
observable_pJAK2_au		model1_data6	0.2373404255319149	45.0	offset_pJAK2_fine;scale_pJAK2_fine	sd_JAK2EpoR_au
observable_pJAK2_au		model1_data6	0.12684574468085105	50.0	offset_pJAK2_fine;scale_pJAK2_fine	sd_JAK2EpoR_au
observable_pJAK2_au		model1_data6	0.06381205673758883	60.0	offset_pJAK2_fine;scale_pJAK2_fine	sd_JAK2EpoR_au
observable_pJAK2_au		model1_data6	0.11342907801418448	65.0	offset_pJAK2_fine;scale_pJAK2_fine	sd_JAK2EpoR_au
observable_pJAK2_au		model1_data6	0.22236170212765968	70.0	offset_pJAK2_fine;scale_pJAK2_fine	sd_JAK2EpoR_au
observable_pJAK2_au		model1_data7	0.02677248677248647	0.0	offset_pJAK2_cisoe;scale_pJAK2_cisoe	sd_JAK2EpoR_au
observable_pJAK2_au		model1_data7	1.0	10.0	offset_pJAK2_cisoe;scale_pJAK2_cisoe	sd_JAK2EpoR_au
observable_pJAK2_au		model1_data7	0.2489100529100529	60.0	offset_pJAK2_cisoe;scale_pJAK2_cisoe	sd_JAK2EpoR_au
observable_pJAK2_au		model1_data7	0.22404232804232788	120.0	offset_pJAK2_cisoe;scale_pJAK2_cisoe	sd_JAK2EpoR_au
observable_pJAK2_au		model1_data8	0.017809523809523775	0.0	offset_pJAK2_cisoe;scale_pJAK2_cisoe	sd_JAK2EpoR_au
observable_pJAK2_au		model1_data8	0.8359788359788349	10.0	offset_pJAK2_cisoe;scale_pJAK2_cisoe	sd_JAK2EpoR_au
observable_pJAK2_au		model1_data8	0.3076719576719576	60.0	offset_pJAK2_cisoe;scale_pJAK2_cisoe	sd_JAK2EpoR_au
observable_pJAK2_au		model1_data8	0.26836507936507903	120.0	offset_pJAK2_cisoe;scale_pJAK2_cisoe	sd_JAK2EpoR_au
observable_pSTAT5_au		model1_data1	0.0010896190202935923	0.0	offset_pSTAT5_long;scale_pSTAT5_long	sd_STAT5_au;0
observable_pSTAT5_au		model1_data1	1.0	5.0	offset_pSTAT5_long;scale_pSTAT5_long	sd_STAT5_au;0
observable_pSTAT5_au		model1_data1	0.9075893514892566	10.0	offset_pSTAT5_long;scale_pSTAT5_long	sd_STAT5_au;0
observable_pSTAT5_au		model1_data1	0.5601464053909446	20.0	offset_pSTAT5_long;scale_pSTAT5_long	sd_STAT5_au;0
observable_pSTAT5_au		model1_data1	0.3908822320618506	60.0	offset_pSTAT5_long;scale_pSTAT5_long	sd_STAT5_au;0
observable_pSTAT5_au		model1_data1	0.16897182781857525	80.0	offset_pSTAT5_long;scale_pSTAT5_long	sd_STAT5_au;0
observable_pSTAT5_au		model1_data1	0.16332188248796106	100.0	offset_pSTAT5_long;scale_pSTAT5_long	sd_STAT5_au;0
observable_pSTAT5_au		model1_data1	0.19388555875214208	120.0	offset_pSTAT5_long;scale_pSTAT5_long	sd_STAT5_au;0
observable_pSTAT5_au		model1_data1	0.121702583031553	140.0	offset_pSTAT5_long;scale_pSTAT5_long	sd_STAT5_au;0
observable_pSTAT5_au		model1_data1	0.1265794024364711	160.0	offset_pSTAT5_long;scale_pSTAT5_long	sd_STAT5_au;0
observable_pSTAT5_au		model1_data1	0.2916165853734191	180.0	offset_pSTAT5_long;scale_pSTAT5_long	sd_STAT5_au;0
observable_pSTAT5_au		model1_data1	0.08572469893065107	220.0	offset_pSTAT5_long;scale_pSTAT5_long	sd_STAT5_au;0
observable_pSTAT5_au		model1_data1	0.27591290119962497	240.0	offset_pSTAT5_long;scale_pSTAT5_long	sd_STAT5_au;0
observable_pSTAT5_au		model1_data11	0.00550358744394624	0.0	offset_pSTAT5_socs3oe;scale_pSTAT5_socs3oe	sd_STAT5_au;0
observable_pSTAT5_au		model1_data11	1.0	10.0	offset_pSTAT5_socs3oe;scale_pSTAT5_socs3oe	sd_STAT5_au;0
observable_pSTAT5_au		model1_data11	0.3423019431988043	60.0	offset_pSTAT5_socs3oe;scale_pSTAT5_socs3oe	sd_STAT5_au;0
observable_pSTAT5_au		model1_data11	0.33333333333333365	120.0	offset_pSTAT5_socs3oe;scale_pSTAT5_socs3oe	sd_STAT5_au;0
observable_pSTAT5_au		model1_data12	0.014742152466367585	0.0	offset_pSTAT5_socs3oe;scale_pSTAT5_socs3oe	sd_STAT5_au;sd_pSTAT5_socs3oe
observable_pSTAT5_au		model1_data12	0.028251121076233118	10.0	offset_pSTAT5_socs3oe;scale_pSTAT5_socs3oe	sd_STAT5_au;sd_pSTAT5_socs3oe
observable_pSTAT5_au		model1_data12	0.007424663677130122	60.0	offset_pSTAT5_socs3oe;scale_pSTAT5_socs3oe	sd_STAT5_au;sd_pSTAT5_socs3oe
observable_pSTAT5_au		model1_data12	0.0016098654708520234	120.0	offset_pSTAT5_socs3oe;scale_pSTAT5_socs3oe	sd_STAT5_au;sd_pSTAT5_socs3oe
observable_pSTAT5_au		model1_data13	0.061201226993865675	0.0	offset_pSTAT5_shp1oe;scale_pSTAT5_shp1oe	sd_STAT5_au;0
observable_pSTAT5_au		model1_data13	0.7607361963190179	5.0	offset_pSTAT5_shp1oe;scale_pSTAT5_shp1oe	sd_STAT5_au;0
observable_pSTAT5_au		model1_data13	1.0	10.0	offset_pSTAT5_shp1oe;scale_pSTAT5_shp1oe	sd_STAT5_au;0
observable_pSTAT5_au		model1_data13	0.4748466257668714	30.0	offset_pSTAT5_shp1oe;scale_pSTAT5_shp1oe	sd_STAT5_au;0
observable_pSTAT5_au		model1_data13	0.3423312883435583	60.0	offset_pSTAT5_shp1oe;scale_pSTAT5_shp1oe	sd_STAT5_au;0
observable_pSTAT5_au		model1_data14	0.050071165644171314	0.0	offset_pSTAT5_shp1oe;scale_pSTAT5_shp1oe	sd_STAT5_au;0
observable_pSTAT5_au		model1_data14	0.473006134969325	5.0	offset_pSTAT5_shp1oe;scale_pSTAT5_shp1oe	sd_STAT5_au;0
observable_pSTAT5_au		model1_data14	0.5809815950920251	10.0	offset_pSTAT5_shp1oe;scale_pSTAT5_shp1oe	sd_STAT5_au;0
observable_pSTAT5_au		model1_data14	0.4202453987730063	30.0	offset_pSTAT5_shp1oe;scale_pSTAT5_shp1oe	sd_STAT5_au;0
observable_pSTAT5_au		model1_data14	0.23619631901840504	60.0	offset_pSTAT5_shp1oe;scale_pSTAT5_shp1oe	sd_STAT5_au;0
observable_pSTAT5_au		model1_data26	0.647444298820445	10.0	0;scale_pSTAT5_dr10	sd_STAT5_au;0
observable_pSTAT5_au		model1_data26	0.5963302752293579	10.0	0;scale_pSTAT5_dr10	sd_STAT5_au;0
observable_pSTAT5_au		model1_data26	0.7116644823066833	10.0	0;scale_pSTAT5_dr10	sd_STAT5_au;0
observable_pSTAT5_au		model1_data27	0.2044560943643512	10.0	0;scale_pSTAT5_dr10	sd_STAT5_au;0
observable_pSTAT5_au		model1_data27	0.06366972477064199	10.0	0;scale_pSTAT5_dr10	sd_STAT5_au;0
observable_pSTAT5_au		model1_data27	0.13012975098296212	10.0	0;scale_pSTAT5_dr10	sd_STAT5_au;0
observable_pSTAT5_au		model1_data30	0.8453473132372209	10.0	0;scale_pSTAT5_dr10	sd_STAT5_au;0
observable_pSTAT5_au		model1_data30	0.6998689384010486	10.0	0;scale_pSTAT5_dr10	sd_STAT5_au;0
observable_pSTAT5_au		model1_data30	0.9685452162516376	10.0	0;scale_pSTAT5_dr10	sd_STAT5_au;0
observable_pSTAT5_au		model1_data31	0.8243774574049795	10.0	0;scale_pSTAT5_dr10	sd_STAT5_au;0
observable_pSTAT5_au		model1_data31	0.7260812581913495	10.0	0;scale_pSTAT5_dr10	sd_STAT5_au;0
observable_pSTAT5_au		model1_data31	1.0	10.0	0;scale_pSTAT5_dr10	sd_STAT5_au;0
observable_pSTAT5_au		model1_data32	0.3931847968545217	10.0	0;scale_pSTAT5_dr10	sd_STAT5_au;0
observable_pSTAT5_au		model1_data32	0.1939711664482308	10.0	0;scale_pSTAT5_dr10	sd_STAT5_au;0
observable_pSTAT5_au		model1_data32	0.2752293577981652	10.0	0;scale_pSTAT5_dr10	sd_STAT5_au;0
observable_pSTAT5_au		model1_data33	0.009338138925294935	10.0	0;scale_pSTAT5_dr10	sd_STAT5_au;0
observable_pSTAT5_au		model1_data33	0.004178243774574009	10.0	0;scale_pSTAT5_dr10	sd_STAT5_au;0
observable_pSTAT5_au		model1_data33	0.009596330275229315	10.0	0;scale_pSTAT5_dr10	sd_STAT5_au;0
observable_pSTAT5_au		model1_data4	0.0019131782945736656	0.0	offset_pSTAT5_actd;scale_pSTAT5_actd	sd_STAT5_au;0
observable_pSTAT5_au		model1_data4	0.8604651162790689	5.0	offset_pSTAT5_actd;scale_pSTAT5_actd	sd_STAT5_au;0
observable_pSTAT5_au		model1_data4	0.9441860465116266	10.0	offset_pSTAT5_actd;scale_pSTAT5_actd	sd_STAT5_au;0
observable_pSTAT5_au		model1_data4	0.4790697674418606	30.0	offset_pSTAT5_actd;scale_pSTAT5_actd	sd_STAT5_au;0
observable_pSTAT5_au		model1_data4	0.17054263565891464	60.0	offset_pSTAT5_actd;scale_pSTAT5_actd	sd_STAT5_au;0
observable_pSTAT5_au		model1_data4	0.08138449612403102	90.0	offset_pSTAT5_actd;scale_pSTAT5_actd	sd_STAT5_au;0
observable_pSTAT5_au		model1_data4	0.18449612403100774	120.0	offset_pSTAT5_actd;scale_pSTAT5_actd	sd_STAT5_au;0
observable_pSTAT5_au		model1_data4	0.13100465116279073	150.0	offset_pSTAT5_actd;scale_pSTAT5_actd	sd_STAT5_au;0
observable_pSTAT5_au		model1_data4	0.11566046511627907	180.0	offset_pSTAT5_actd;scale_pSTAT5_actd	sd_STAT5_au;0
observable_pSTAT5_au		model1_data5	0.0018217054263566007	0.0	offset_pSTAT5_actd;scale_pSTAT5_actd	sd_STAT5_au;0
observable_pSTAT5_au		model1_data5	0.9596899224806196	5.0	offset_pSTAT5_actd;scale_pSTAT5_actd	sd_STAT5_au;0
observable_pSTAT5_au		model1_data5	1.0	10.0	offset_pSTAT5_actd;scale_pSTAT5_actd	sd_STAT5_au;0
observable_pSTAT5_au		model1_data5	0.4387596899224811	30.0	offset_pSTAT5_actd;scale_pSTAT5_actd	sd_STAT5_au;0
observable_pSTAT5_au		model1_data5	0.3224806201550389	60.0	offset_pSTAT5_actd;scale_pSTAT5_actd	sd_STAT5_au;0
observable_pSTAT5_au		model1_data5	0.331782945736434	90.0	offset_pSTAT5_actd;scale_pSTAT5_actd	sd_STAT5_au;0
observable_pSTAT5_au		model1_data5	0.4217054263565892	120.0	offset_pSTAT5_actd;scale_pSTAT5_actd	sd_STAT5_au;0
observable_pSTAT5_au		model1_data5	0.4620155038759696	150.0	offset_pSTAT5_actd;scale_pSTAT5_actd	sd_STAT5_au;0
observable_pSTAT5_au		model1_data5	0.3364341085271321	180.0	offset_pSTAT5_actd;scale_pSTAT5_actd	sd_STAT5_au;0
observable_pSTAT5_au		model1_data7	0.07060431034482699	0.0	offset_pSTAT5_cisoe;scale_pSTAT5_cisoe	sd_STAT5_au;0
observable_pSTAT5_au		model1_data7	1.0	10.0	offset_pSTAT5_cisoe;scale_pSTAT5_cisoe	sd_STAT5_au;0
observable_pSTAT5_au		model1_data7	0.7112068965517248	60.0	offset_pSTAT5_cisoe;scale_pSTAT5_cisoe	sd_STAT5_au;0
observable_pSTAT5_au		model1_data7	0.6336206896551718	120.0	offset_pSTAT5_cisoe;scale_pSTAT5_cisoe	sd_STAT5_au;0
observable_pSTAT5_au		model1_data8	0.06293103448275902	0.0	offset_pSTAT5_cisoe;scale_pSTAT5_cisoe	sd_STAT5_au;0
observable_pSTAT5_au		model1_data8	0.3525862068965514	10.0	offset_pSTAT5_cisoe;scale_pSTAT5_cisoe	sd_STAT5_au;0
observable_pSTAT5_au		model1_data8	0.4112068965517237	60.0	offset_pSTAT5_cisoe;scale_pSTAT5_cisoe	sd_STAT5_au;0
observable_pSTAT5_au		model1_data8	0.5344827586206892	120.0	offset_pSTAT5_cisoe;scale_pSTAT5_cisoe	sd_STAT5_au;0
observable_pSTAT5B_rel		model1_data2	0.508	0.0	offset_pSTAT5_conc	sd_pSTAT5_rel
observable_pSTAT5B_rel		model1_data2	0.68458816509399	0.0	offset_pSTAT5_conc	sd_pSTAT5_rel
observable_pSTAT5B_rel		model1_data2	1.1471363132332	0.0	offset_pSTAT5_conc	sd_pSTAT5_rel
observable_pSTAT5B_rel		model1_data2	1.16093161443051	0.0	offset_pSTAT5_conc	sd_pSTAT5_rel
observable_pSTAT5B_rel		model1_data2	78.02	10.0	offset_pSTAT5_conc	sd_pSTAT5_rel
observable_pSTAT5B_rel		model1_data2	68.4474330326524	10.0	offset_pSTAT5_conc	sd_pSTAT5_rel
observable_pSTAT5B_rel		model1_data2	74.0541912811413	10.0	offset_pSTAT5_conc	sd_pSTAT5_rel
observable_pSTAT5B_rel		model1_data2	71.5513947378025	10.0	offset_pSTAT5_conc	sd_pSTAT5_rel
observable_SHP1_abs		model1_data2	28.43477552859159	0.0		sd_SHP1_abs
observable_SHP1_abs		model1_data2	30.863728633662586	0.0		sd_SHP1_abs
observable_SHP1_abs		model1_data2	21.750069089621874	0.0		sd_SHP1_abs
observable_SOCS3_abs		model1_data2	12.354823681426542	120.0		sd_SOCS3_abs
observable_SOCS3_abs		model1_data2	7.255641186090381	120.0		sd_SOCS3_abs
observable_SOCS3_abs		model1_data2	11.542239027885795	120.0		sd_SOCS3_abs
observable_SOCS3_au		model1_data1	0.10972067799686873	10.0	offset_SOCS3_long;scale_SOCS3_long	sd_SOCS3_au
observable_SOCS3_au		model1_data1	0.28146248856012684	20.0	offset_SOCS3_long;scale_SOCS3_long	sd_SOCS3_au
observable_SOCS3_au		model1_data1	0.5688774931360765	60.0	offset_SOCS3_long;scale_SOCS3_long	sd_SOCS3_au
observable_SOCS3_au		model1_data1	1.0	120.0	offset_SOCS3_long;scale_SOCS3_long	sd_SOCS3_au
observable_SOCS3_au		model1_data1	1.0	180.0	offset_SOCS3_long;scale_SOCS3_long	sd_SOCS3_au
observable_SOCS3_au		model1_data1	0.9697457889920044	240.0	offset_SOCS3_long;scale_SOCS3_long	sd_SOCS3_au
observable_SOCS3_au		model1_data11	0.02781124497991969	0.0	offset_SOCS3_socs3oe;scale_SOCS3_socs3oe	sd_SOCS3_au
observable_SOCS3_au		model1_data11	0.023493975903614243	10.0	offset_SOCS3_socs3oe;scale_SOCS3_socs3oe	sd_SOCS3_au
observable_SOCS3_au		model1_data11	0.08393574297188798	60.0	offset_SOCS3_socs3oe;scale_SOCS3_socs3oe	sd_SOCS3_au
observable_SOCS3_au		model1_data11	0.10160642570281136	120.0	offset_SOCS3_socs3oe;scale_SOCS3_socs3oe	sd_SOCS3_au
observable_SOCS3_au		model1_data12	1.0	0.0	offset_SOCS3_socs3oe;scale_SOCS3_socs3oe	sd_SOCS3_au
observable_SOCS3_au		model1_data12	0.8865461847389561	10.0	offset_SOCS3_socs3oe;scale_SOCS3_socs3oe	sd_SOCS3_au
observable_SOCS3_au		model1_data12	0.8022088353413661	60.0	offset_SOCS3_socs3oe;scale_SOCS3_socs3oe	sd_SOCS3_au
observable_SOCS3_au		model1_data12	0.6787148594377507	120.0	offset_SOCS3_socs3oe;scale_SOCS3_socs3oe	sd_SOCS3_au
observable_SOCS3_au		model1_data7	0.2757506361323159	0.0	offset_SOCS3_cisoe;scale_SOCS3_cisoe	sd_SOCS3_au
observable_SOCS3_au		model1_data7	0.3511450381679391	10.0	offset_SOCS3_cisoe;scale_SOCS3_cisoe	sd_SOCS3_au
observable_SOCS3_au		model1_data7	0.921119592875318	60.0	offset_SOCS3_cisoe;scale_SOCS3_cisoe	sd_SOCS3_au
observable_SOCS3_au		model1_data7	1.0	120.0	offset_SOCS3_cisoe;scale_SOCS3_cisoe	sd_SOCS3_au
observable_SOCS3_au		model1_data8	0.32569974554707404	0.0	offset_SOCS3_cisoe;scale_SOCS3_cisoe	sd_SOCS3_au
observable_SOCS3_au		model1_data8	0.192880407124682	10.0	offset_SOCS3_cisoe;scale_SOCS3_cisoe	sd_SOCS3_au
observable_SOCS3_au		model1_data8	0.5547073791348599	60.0	offset_SOCS3_cisoe;scale_SOCS3_cisoe	sd_SOCS3_au
observable_SOCS3_au		model1_data8	0.5164783715012723	120.0	offset_SOCS3_cisoe;scale_SOCS3_cisoe	sd_SOCS3_au
observable_SOCS3RNA_foldA		model1_data3	1.3377999251823585	15.0	scale_SOCS3RNA_foldA	sd_RNA_fold
observable_SOCS3RNA_foldA		model1_data3	1.2511718549740924	30.0	scale_SOCS3RNA_foldA	sd_RNA_fold
observable_SOCS3RNA_foldA		model1_data3	5.272384205712012	60.0	scale_SOCS3RNA_foldA	sd_RNA_fold
observable_SOCS3RNA_foldA		model1_data3	3.6211919869864144	120.0	scale_SOCS3RNA_foldA	sd_RNA_fold
observable_SOCS3RNA_foldA		model1_data3	3.9528207840823546	240.0	scale_SOCS3RNA_foldA	sd_RNA_fold
observable_SOCS3RNA_foldA		model1_data3	3.3561432111391523	360.0	scale_SOCS3RNA_foldA	sd_RNA_fold
observable_SOCS3RNA_foldB		model1_data3	1.444569518951721	15.0	scale_SOCS3RNA_foldB	sd_RNA_fold
observable_SOCS3RNA_foldB		model1_data3	1.5514257452759384	30.0	scale_SOCS3RNA_foldB	sd_RNA_fold
observable_SOCS3RNA_foldB		model1_data3	4.60904630848391	60.0	scale_SOCS3RNA_foldB	sd_RNA_fold
observable_SOCS3RNA_foldB		model1_data3	3.921473434051944	120.0	scale_SOCS3RNA_foldB	sd_RNA_fold
observable_SOCS3RNA_foldB		model1_data3	2.2437956204379583	360.0	scale_SOCS3RNA_foldB	sd_RNA_fold
observable_SOCS3RNA_foldC		model1_data3	1.1641015347780281	15.0	scale_SOCS3RNA_foldC	sd_RNA_fold
observable_SOCS3RNA_foldC		model1_data3	1.663065716177788	30.0	scale_SOCS3RNA_foldC	sd_RNA_fold
observable_SOCS3RNA_foldC		model1_data3	9.505642968943064	60.0	scale_SOCS3RNA_foldC	sd_RNA_fold
observable_SOCS3RNA_foldC		model1_data3	4.3103647735078265	120.0	scale_SOCS3RNA_foldC	sd_RNA_fold
observable_SOCS3RNA_foldC		model1_data3	3.9528207840823546	240.0	scale_SOCS3RNA_foldC	sd_RNA_fold
observable_SOCS3RNA_foldC		model1_data3	4.484968703164951	360.0	scale_SOCS3RNA_foldC	sd_RNA_fold
observable_STAT5_abs		model1_data2	62.68330490438297	0.0		sd_STAT5_abs
observable_STAT5_abs		model1_data2	117.22868285371159	0.0		sd_STAT5_abs
observable_STAT5_abs		model1_data2	69.03407699405871	0.0		sd_STAT5_abs
observable_tSHP1_au		model1_data13	0.16634615384615387	0.0	scale_SHP1_shp1oe	sd_SHP1_au
observable_tSHP1_au		model1_data13	0.18365384615384608	5.0	scale_SHP1_shp1oe	sd_SHP1_au
observable_tSHP1_au		model1_data13	0.2855769230769231	10.0	scale_SHP1_shp1oe	sd_SHP1_au
observable_tSHP1_au		model1_data13	0.30096153846153834	30.0	scale_SHP1_shp1oe	sd_SHP1_au
observable_tSHP1_au		model1_data13	0.20192307692307696	60.0	scale_SHP1_shp1oe	sd_SHP1_au
observable_tSHP1_au		model1_data14	0.8125	0.0	scale_SHP1_shp1oe	sd_SHP1_au
observable_tSHP1_au		model1_data14	0.8701923076923078	5.0	scale_SHP1_shp1oe	sd_SHP1_au
observable_tSHP1_au		model1_data14	1.0	10.0	scale_SHP1_shp1oe	sd_SHP1_au
observable_tSHP1_au		model1_data14	0.9134615384615375	30.0	scale_SHP1_shp1oe	sd_SHP1_au
observable_tSHP1_au		model1_data14	0.8153846153846145	60.0	scale_SHP1_shp1oe	sd_SHP1_au
observable_tSTAT5_au		model1_data1	0.5802534949502016	0.0	scale_tSTAT5_long	sd_STAT5_au
observable_tSTAT5_au		model1_data1	1.0	5.0	scale_tSTAT5_long	sd_STAT5_au
observable_tSTAT5_au		model1_data1	0.6850160655556229	10.0	scale_tSTAT5_long	sd_STAT5_au
observable_tSTAT5_au		model1_data1	0.5647443348160841	20.0	scale_tSTAT5_long	sd_STAT5_au
observable_tSTAT5_au		model1_data1	0.8598407718458057	60.0	scale_tSTAT5_long	sd_STAT5_au
observable_tSTAT5_au		model1_data1	0.6803056388206743	80.0	scale_tSTAT5_long	sd_STAT5_au
observable_tSTAT5_au		model1_data1	0.7475857970583872	100.0	scale_tSTAT5_long	sd_STAT5_au
observable_tSTAT5_au		model1_data1	0.8740215741622749	120.0	scale_tSTAT5_long	sd_STAT5_au
observable_tSTAT5_au		model1_data1	0.6406646449992869	140.0	scale_tSTAT5_long	sd_STAT5_au
observable_tSTAT5_au		model1_data1	0.7022410212042034	160.0	scale_tSTAT5_long	sd_STAT5_au
observable_tSTAT5_au		model1_data1	0.8411796749601644	180.0	scale_tSTAT5_long	sd_STAT5_au
observable_tSTAT5_au		model1_data1	0.5748730631756491	220.0	scale_tSTAT5_long	sd_STAT5_au
observable_tSTAT5_au		model1_data1	0.7227460884814481	240.0	scale_tSTAT5_long	sd_STAT5_au
observable_tSTAT5_au		model1_data13	0.4953703703703706	0.0	scale_tSTAT5_shp1oe	sd_STAT5_au
observable_tSTAT5_au		model1_data13	0.5833333333333334	5.0	scale_tSTAT5_shp1oe	sd_STAT5_au
observable_tSTAT5_au		model1_data13	0.5953703703703699	10.0	scale_tSTAT5_shp1oe	sd_STAT5_au
observable_tSTAT5_au		model1_data13	0.5768518518518521	30.0	scale_tSTAT5_shp1oe	sd_STAT5_au
observable_tSTAT5_au		model1_data13	0.4259259259259255	60.0	scale_tSTAT5_shp1oe	sd_STAT5_au
observable_tSTAT5_au		model1_data14	1.0	0.0	scale_tSTAT5_shp1oe	sd_STAT5_au
observable_tSTAT5_au		model1_data14	0.6888888888888889	5.0	scale_tSTAT5_shp1oe	sd_STAT5_au
observable_tSTAT5_au		model1_data14	0.7537037037037028	10.0	scale_tSTAT5_shp1oe	sd_STAT5_au
observable_tSTAT5_au		model1_data14	0.7814814814814808	30.0	scale_tSTAT5_shp1oe	sd_STAT5_au
observable_tSTAT5_au		model1_data14	0.6231481481481479	60.0	scale_tSTAT5_shp1oe	sd_STAT5_au
observable_tSTAT5_au		model1_data4	0.8324324324324319	0.0	scale_tSTAT5_actd	sd_STAT5_au
observable_tSTAT5_au		model1_data4	0.8972972972972967	5.0	scale_tSTAT5_actd	sd_STAT5_au
observable_tSTAT5_au		model1_data4	0.8594594594594601	10.0	scale_tSTAT5_actd	sd_STAT5_au
observable_tSTAT5_au		model1_data4	0.6702702702702699	30.0	scale_tSTAT5_actd	sd_STAT5_au
observable_tSTAT5_au		model1_data4	0.7351351351351356	60.0	scale_tSTAT5_actd	sd_STAT5_au
observable_tSTAT5_au		model1_data4	0.5837837837837839	90.0	scale_tSTAT5_actd	sd_STAT5_au
observable_tSTAT5_au		model1_data4	0.8864864864864863	120.0	scale_tSTAT5_actd	sd_STAT5_au
observable_tSTAT5_au		model1_data4	0.6810810810810809	150.0	scale_tSTAT5_actd	sd_STAT5_au
observable_tSTAT5_au		model1_data4	0.4713513513513509	180.0	scale_tSTAT5_actd	sd_STAT5_au
observable_tSTAT5_au		model1_data5	0.9027027027027016	0.0	scale_tSTAT5_actd	sd_STAT5_au
observable_tSTAT5_au		model1_data5	1.0	5.0	scale_tSTAT5_actd	sd_STAT5_au
observable_tSTAT5_au		model1_data5	0.9243243243243242	10.0	scale_tSTAT5_actd	sd_STAT5_au
observable_tSTAT5_au		model1_data5	0.5837837837837839	30.0	scale_tSTAT5_actd	sd_STAT5_au
observable_tSTAT5_au		model1_data5	0.7945945945945941	60.0	scale_tSTAT5_actd	sd_STAT5_au
observable_tSTAT5_au		model1_data5	0.772972972972973	90.0	scale_tSTAT5_actd	sd_STAT5_au
observable_tSTAT5_au		model1_data5	0.7567567567567564	120.0	scale_tSTAT5_actd	sd_STAT5_au
observable_tSTAT5_au		model1_data5	0.7459459459459464	150.0	scale_tSTAT5_actd	sd_STAT5_au
observable_tSTAT5_au		model1_data5	0.5145945945945951	180.0	scale_tSTAT5_actd	sd_STAT5_au
